raw_log_loss,cal_log_loss,delta_log_loss,raw_brier,cal_brier,delta_brier,raw_ece,cal_ece,delta_ece
0.557452086657763,0.5570383666592027,0.0004137199985603246,0.18778885248649912,0.1877378908926013,5.096159389783583e-05,0.04491128420072147,0.041762047806193546,0.003149236394527924
